# Feature,Accuracy,F1_weighted, F2_weighted, Precision_weighted,Recall_weighted,Roc_auc,SVs-Trees-Neurons,Distance,Weighted_Sum,Classification_Model
5.555555555555555247e-02,8.893464609170373958e-01,8.846329291720698151e-01,8.858372706212070957e-01,8.955140870167805911e-01,8.893464609170373958e-01,8.445867566572612395e-01,9.729837107667858032e-01,8.893464609170373958e-01,2.475957526936189090e+00,3.031372572036990505e+02
4.761904761904761640e-02,8.823953106756287079e-01,8.763984093905488049e-01,8.783969736041747911e-01,8.913241262170006340e-01,8.823953106756287079e-01,8.329622365077945512e-01,9.980135081446166456e-01,8.831897503865693277e-01,2.457627600381115052e+00,1.290918417608925211e+02
4.761904761904761640e-02,7.554636466912808546e-01,6.973059718009230190e-01,7.237173888395823651e-01,8.212699351624225264e-01,7.554636466912808546e-01,6.336367456983686974e-01,1.000000000000000000e+00,7.554636466912809656e-01,2.056600327659193539e+00,1.290918417608925211e+02
4.000000000000000083e-02,8.790187446748083389e-01,8.725107089742593081e-01,8.746629741644870171e-01,8.887149781491341383e-01,8.790187446748083389e-01,8.278986988709149397e-01,9.980135081446166456e-01,8.774278929597020271e-01,2.447067048943848633e+00,1.000000000000000021e-03
5.263157894736841813e-02,7.513064470320931498e-01,6.998863326226408832e-01,7.231154725521745652e-01,7.975377774454411872e-01,7.513064470320931498e-01,6.353275857666329518e-01,1.000000000000000000e+00,7.513064470320931498e-01,2.052427406476783123e+00,3.031372572036990505e+02
