	Aorta1	Aorta2	Aorta3	Aorta4	Aorta5	Aorta6	Aorta7	Aorta8	Aorta9	Aorta10	IMA1	IMA2	IMA3	IMA4	IMA5	IMA6	IMA7	IMA8	IMA9	IMA10	Radial1	Radial2	Radial3	Radial4	Radial5	Radial6	Radial7	Radial8	Radial9	Radial10	Vein1	Vein2	Vein3	Vein4	Vein5	Vein6	Vein7	Vein8	Vein9	Vein10
163	139.0	11.3	43.6	11.0	11.3	27.2	8.9	12.3	107.8	1.8	22.89786706377178	5.4	54.5	2.6	4.0	21.4	292.2	1291.0	4.6	7.9	271.1	6.132619250597458	10.9	18.6	347.0	36.5	10.9	5.4	97.6	24.3	32.3	5.5	315.5	30.6	4.9	12.8	683.8	8.9	21.1	4.5
