Metric,Value
RMSE,0.1372159656058794
RRSE,1.098814043355969
RAE,1.1568177090363265
Spearman Correlation,0.06633627449934383
Spearman p-value,0.5034565002526705
