Metric,Value
RMSE,0.12291271484271998
RRSE,0.9842748005294903
RAE,0.9922692748829659
Spearman Correlation,0.20566316544560645
Spearman p-value,0.03621928871918726
