Metric,Value
RMSE,0.12428028181620962
RRSE,0.995226163142908
RAE,1.0065106259600693
Spearman Correlation,0.11946206331514826
Spearman p-value,0.22709136326842821
