Metric,Value
RMSE,0.1225073976071265
RRSE,0.9810290538081246
RAE,0.9915487564295562
Spearman Correlation,0.17264225931357252
Spearman p-value,0.07968479589013538
