Metric,Value
RMSE,0.12764406241889756
RRSE,1.0221630385180251
RAE,1.0369862905371299
Spearman Correlation,0.002747296713731417
Spearman p-value,0.9779185974663518
