Metric,Value
RMSE,0.12764022605336525
RRSE,1.0221323172218282
RAE,1.0369887759371554
Spearman Correlation,0.003638167686921993
Spearman p-value,0.9707609922611065
