Metric,Value
RMSE,0.12764686809831394
RRSE,1.0221855061655052
RAE,1.0369029083040324
Spearman Correlation,0.0013869847486799388
Spearman p-value,0.9888510625599047
