Metric,Value
RMSE,0.12375687905531359
RRSE,0.9910347973534798
RAE,1.0072852930544678
Spearman Correlation,0.19271619627235181
Spearman p-value,0.049997175443844154
